user_id,name,rating,timestamp,food_name
21,199,3,2023-09-21,BBQ Cantonese Pork Tenderloin
10,97,5,2023-07-11,Moroccan Chickpea Soup
33,173,2,2023-02-14,Fiesta Cheesecake
24,296,5,2023-09-16,Philadelphia Cheesesteak
33,596,3,2023-04-22,No Sugar Pecan Pie
48,137,1,2023-11-23,Bacon-Wrapped Little Loaves
17,560,3,2023-10-04,Russian Skillet Stroganoff
17,475,5,2023-06-27,Asian Noodle Skillet
30,248,2,2023-08-24,Irish Mashed Potatoes
18,678,3,2023-08-16,Baked Sole Fillets
1,373,2,2023-05-21,"Pasta with Mushrooms, Ham and Peas"
20,27,2,2023-04-04,Baked Creamed Potatoes
14,146,2,2023-07-19,Solo Teriyaki Chicken  Pilaf
18,403,1,2023-07-09,Tempeh Sukiyaki With Broccoli &amp; Cauliflower
30,579,2,2023-06-01,Sweet &amp; Sour Meatballs
7,467,4,2023-03-19,Onion Flavored Rice Mix
3,619,4,2023-08-04,Bacon Topped Meatloaf
34,449,5,2023-11-28,Bar-B-Q Chuck Roast
6,485,2,2023-07-09,My Mom's Wilted Lettuce
3,361,2,2023-10-29,"Tostones, or Fried Banana. (Venezuela)"
22,513,5,2023-06-02,Texas Cowpoke Trail Mix
43,208,2,2023-10-25,Lobster Newburg
25,403,4,2023-09-23,Tempeh Sukiyaki With Broccoli &amp; Cauliflower
33,200,5,2023-07-16,Lemonade Scones
37,97,2,2023-06-14,Moroccan Chickpea Soup
23,210,4,2023-06-18,Stuffed Acorn Squash
4,123,3,2023-10-17,East Indian Chicken
41,440,5,2023-03-14,Turkey Tetrazzini
19,97,2,2023-12-05,Moroccan Chickpea Soup
12,524,3,2023-02-15,Country Pancakes
30,609,2,2023-03-13,Harvey House Coleslaw
19,483,1,2023-03-20,"Ground Beef, Rice and Cabbage Hot Pot"
11,372,5,2023-09-22,Refrigerator Cookies
18,149,2,2023-02-06,Tomato and Bread Soup
1,144,5,2023-05-05,Chicken and Sweet Potatoes
20,149,1,2023-08-16,Tomato and Bread Soup
12,306,2,2023-03-15,Sushi-Style Roll-Ups
19,303,5,2023-05-13,Fusilli Four Color Pasta
5,275,1,2023-02-01,"Potato, Meat &amp; Vegetable"
2,151,2,2023-03-05,Roasted Rosemary Skewered Figs
19,7,1,2023-12-05,Blueberry Cookies
46,650,1,2023-10-28,Reduced Sugar Blueberry Muffins
5,41,2,2023-03-14,Lemon-Pineapple Baked Chicken
8,283,5,2023-09-14,Good Broccoli Casserole
3,158,2,2023-03-11,"Veal Cutlets, breaded"
18,97,3,2023-05-15,Moroccan Chickpea Soup
41,645,5,2023-12-12,Ginger Tea
41,227,2,2023-06-10,Beer Bread
13,695,3,2023-05-30,Tasty Home Fries
28,181,2,2023-04-09,Phoney Abalone
14,663,5,2023-12-07,Your Choice Dessert
5,232,1,2023-12-05,Thai Pumpkin Ginger Soup
12,464,1,2023-09-23,Linguine with Ham
34,390,1,2023-05-05,Pumpkin Salad (Tirshi)
21,364,5,2023-02-26,Butternut Squash with Onions and Pecans
8,598,5,2023-10-13,Rustic Ravioli Stew
35,224,1,2023-11-09,Easy Hamburger Casserole
36,653,3,2023-01-24,Dutch Stewed ' Cinnamon'  Pears (Stoofpeertjes)
42,180,2,2023-05-01,Ghos Pilaau
42,487,5,2023-03-31,Plum Dumplings - Blommeboller
5,163,3,2023-01-26,Banana Nut Muffins
34,669,4,2023-06-27,Chicken With Artichokes And Mushrooms
27,562,1,2023-04-29,Mystery Pecan Pie
36,408,3,2023-01-30,Pumpkin Upside-Down Cake
33,149,5,2023-06-21,Tomato and Bread Soup
33,570,4,2023-10-16,Chocolate-Covered Maraschino Cherries
37,656,5,2023-08-18,Green Onion Potatoes
40,544,2,2023-04-23,Molasses Sugar Cookies
21,268,5,2023-05-21,"Marinara, Seafood Pasta"
44,221,2,2023-06-10,Baked Beans Deluxe
42,310,2,2023-01-17,Roasted Red Bell Peppers
47,332,2,2023-05-25,Asparagus Chicken Stir-Fry
13,165,4,2023-01-18,Claude's Baked Beans
17,344,1,2023-04-07,Homemade Bread
44,122,1,2023-12-15,Parmesan Broiled Flounder
50,600,4,2023-01-06,Herbed Potato Salad
42,426,1,2023-09-07,Crispy Fish in Chili Sauce
1,472,4,2023-04-07,Fruited Turkey Breast
50,522,2,2023-05-29,Spice Cake
3,603,2,2023-07-07,Burnished Bananas
4,562,2,2023-06-08,Mystery Pecan Pie
15,476,1,2023-06-09,Easy Oven-Baked French Toast
46,664,3,2023-12-04,Garden Tuna Melt
8,612,4,2023-10-30,Rice Pudding
37,178,3,2023-06-08,Vegetarian White Bean Soup
13,496,1,2023-09-03,Michele's Spinach Egg Drop Soup
19,429,1,2023-03-11,Died and Gone to Heaven Chocolate Cake
27,373,2,2023-01-30,"Pasta with Mushrooms, Ham and Peas"
47,332,1,2023-10-13,Asparagus Chicken Stir-Fry
5,487,1,2023-02-09,Plum Dumplings - Blommeboller
33,206,1,2023-10-26,Cake Fantasy
4,358,5,2023-12-10,Berry Good Chicken
24,516,3,2023-06-10,Honey Dijon Pork Chops
33,672,3,2023-08-06,Mom's Cake
24,191,3,2023-11-08,Carrot Halwa
9,611,3,2023-12-06,Delectable Potatoes-n-Onions
2,199,2,2023-03-07,BBQ Cantonese Pork Tenderloin
50,87,3,2023-06-02,Ginger Apple Salad
22,273,3,2023-05-01,Sky High Biscuits
41,194,5,2023-07-16,Beet and Walnut Salad with Dill
23,35,4,2023-06-29,Basil Parmesan Biscuits
39,417,4,2023-01-19,Chocolate Chip Cakies
26,2,5,2023-05-10,Buttermilk Pie With Gingersnap Crumb Crust
10,225,4,2023-01-14,Red Cabbage and Apples
35,403,4,2023-04-13,Tempeh Sukiyaki With Broccoli &amp; Cauliflower
47,361,3,2023-10-07,"Tostones, or Fried Banana. (Venezuela)"
2,97,2,2023-10-11,Moroccan Chickpea Soup
24,304,4,2023-05-18,Deviled Eggs
45,625,2,2023-03-09,Easy 5-Ingredient Chili
30,309,3,2023-07-23,Goat Cheese and Herb Dip
16,526,3,2023-09-02,Dressed Egg Salad
12,552,3,2023-05-03,Stove-Top &quot; Baked Beans &quot;
14,122,1,2023-10-31,Parmesan Broiled Flounder
23,492,5,2023-07-19,Broccoli Pasta in a Fresh Tomato Sauce
46,226,5,2023-01-31,Delicious Manhattan Seafood Chowder
7,278,3,2023-01-05,Chicken Francaise
30,297,2,2023-10-04,Basic Potato Salad
29,532,5,2023-03-12,Tuna elbows casserole
17,477,4,2023-03-22,Little Smokies Football Wienies
15,26,3,2023-02-25,Gray Girls' Easy Chicken Fingers
17,31,3,2023-03-26,Bacon and Potato Pie
27,551,5,2023-10-31,Cheesy Corn Bake
3,169,3,2023-08-11,Pudina (Mint) Roti
5,187,2,2023-10-08,Bourbon Steak
2,369,1,2023-04-03,Pepper Medley
8,161,4,2023-01-13,Swedish Meatballs
13,198,5,2023-03-04,Pistachio  Pudding Supreme Aka Watergate Salad
47,579,2,2023-10-13,Sweet &amp; Sour Meatballs
31,416,2,2023-03-19,Sushi Rolls
15,385,3,2023-12-04,Cabbage and Potato Soup (Caldo Verde)
3,549,5,2023-04-15,"Lentils, garlic and tomatoes"
27,428,3,2023-09-10,Pasta and Peas
44,342,5,2023-08-20,Stir Fried Beef With Ginger
7,629,1,2023-06-08,Easy Vegetable and Cheese Lasagna
39,368,1,2023-12-13,Honey Mustard Curry Chicken
49,345,3,2023-03-09,E T Brownies
16,200,4,2023-10-07,Lemonade Scones
31,301,4,2023-08-28,Easy Chicken Cacciatore
48,538,1,2023-06-11,Impossible Greek Spinach Pie
1,453,5,2023-06-10,Cauliflower and Cheese Puff
37,40,2,2023-05-13,Linzer Bar
31,419,2,2023-09-20,Karelian Hot Pot
37,45,1,2023-09-20,Delicious Pizza Sauce
50,380,1,2023-08-25,Caramel Pecan Dream Bars
37,527,5,2023-02-04,Chicken Gravy (Easy!)
25,230,2,2023-01-03,Chicken Korma a'la Eve
45,264,3,2023-07-13,"Raisins, Nuts n' Bulgur"
17,213,4,2023-05-26,Hamburger - Noodle - Corn Casserole
1,204,3,2023-07-10,Vegetarian Barley-Vegetable Soup
48,95,5,2023-05-07,Asparagus With Shallots
29,361,3,2023-03-24,"Tostones, or Fried Banana. (Venezuela)"
15,30,3,2023-08-31,Golden Baked Fish
27,101,1,2023-02-21,Tomato Ketchup or Catsup
50,80,5,2023-05-08,Christmas Fudge
33,189,2,2023-03-25,Greek Chicken
44,126,1,2023-01-16,Honey Curried Chicken
35,56,3,2023-09-04,Orange and Lemon Schnitzel Rolls
32,591,1,2023-11-17,Goetta
38,244,5,2023-03-05,Garlic Parmesan Spaghetti Sauce
2,225,1,2023-06-04,Red Cabbage and Apples
17,261,1,2023-12-12,Beef 'n Noodle Casserole
35,263,1,2023-05-03,Crock Pot Pork with Root Beer Sauce
8,402,5,2023-11-25,Ghirardelli' S Ultimate Chocolate Chip Cookies
18,66,2,2023-01-27,Caramel Apple Pie II
8,525,3,2023-08-10,Ratatouille Walnut Tart
46,552,1,2023-11-16,Stove-Top &quot; Baked Beans &quot;
47,321,2,2023-06-18,Barley With Vegetables
36,518,4,2023-07-11,Stir-Fried Garlic Frog's Legs
35,147,4,2023-06-23,Fair Funnel Cakes
46,583,3,2023-05-01,Ranch Style Pinto Beans
28,623,2,2023-03-12,Hot and Sour Soup
28,562,5,2023-06-29,Mystery Pecan Pie
17,335,4,2023-03-02,Ginger Chicken
26,553,3,2023-07-25,Pineapple sauce
43,223,2,2023-09-15,Quick and Easy No Bake Chocolate Cookies
28,410,5,2023-06-13,Potato Cheese Soup
45,316,3,2023-05-05,Hazelnut Torte
44,456,2,2023-04-16,Dundee Cake
21,37,2,2023-10-05,Sugar-Coated Pecans
38,356,4,2023-06-14,Tuna Casserole
21,321,3,2023-11-28,Barley With Vegetables
34,317,4,2023-08-04,Golden Glazed Chicken
18,329,5,2023-12-10,Pina Colada
8,166,3,2023-07-23,Kid's Macaroni &amp; Cheese Casserole
9,389,4,2023-01-26,Hamburger Mac Skillet
5,172,5,2023-11-05,Raisin Cinnamon Scones
21,163,5,2023-08-30,Banana Nut Muffins
43,540,2,2023-03-25,Quick Ham and Potato Scallop
34,676,5,2023-04-09,Campbell's Orange Beef
28,309,2,2023-03-22,Goat Cheese and Herb Dip
19,458,1,2023-04-12,Mississippi Chicken
34,101,3,2023-04-01,Tomato Ketchup or Catsup
43,51,2,2023-06-22,Roast Suckling Pig
50,682,5,2023-08-06,The Stretching Chicken
35,189,3,2023-09-27,Greek Chicken
1,291,3,2023-11-07,Dumplings for Soup
36,592,1,2023-02-22,Quick Chicken and Bacon Saut&eacute;
39,241,5,2023-03-20,Low Carb Savory Italian Grilled Chicken
24,333,2,2023-02-17,Crock Pot Creamy Chicken
35,408,5,2023-06-02,Pumpkin Upside-Down Cake
10,114,2,2023-01-25,Banana Bread 3
25,531,4,2023-03-23,Greek Pasta Salad
2,208,4,2023-07-31,Lobster Newburg
43,64,2,2023-08-12,Chicken Fingers
25,365,4,2023-05-17,Fahdreiteh Chicken
1,326,2,2023-04-28,Venison Chops With Mushroom Sauce
26,211,1,2023-11-24,Maple-Mustard Grilled Chicken
4,242,1,2023-08-14,Italian Butter Cookies
19,376,2,2023-01-26,Mom's Quick Tuna
39,43,3,2023-08-05,Fried Rice Casserole
40,209,2,2023-10-23,Gingered Chicken Stir-Fry
13,354,2,2023-01-01,French Onion Soup With Browned Garlic
5,111,5,2023-06-24,Beef Consome Rice
2,110,1,2023-02-02,Armenian Eggplant (Aubergine) Casserole
10,336,4,2023-03-16,Szechuan Bok Choy
49,210,1,2023-07-25,Stuffed Acorn Squash
2,526,5,2023-08-15,Dressed Egg Salad
17,30,1,2023-09-25,Golden Baked Fish
24,280,1,2023-07-22,Italian Tomato Zucchini Quiche
5,315,5,2023-04-11,Hamburger and Yorkshire pudding
11,538,1,2023-07-22,Impossible Greek Spinach Pie
8,648,4,2023-07-21,Chocolate Salami
22,131,1,2023-07-29,Skillet Potato Pie
13,682,3,2023-03-12,The Stretching Chicken
13,144,4,2023-08-21,Chicken and Sweet Potatoes
43,273,4,2023-03-02,Sky High Biscuits
19,655,3,2023-09-06,Spinach Con Queso
3,352,3,2023-11-05,Ratatouille
3,552,5,2023-12-03,Stove-Top &quot; Baked Beans &quot;
26,58,1,2023-06-19,Yakisoba
3,493,3,2023-11-26,Hominy - Green Chile Casserole
24,299,2,2023-02-27,Rosemary Sweet Potato Soup
44,580,2,2023-01-06,Linguine with Red Clam Sauce
35,206,4,2023-10-29,Cake Fantasy
16,348,1,2023-06-02,Mongolian Beef
33,337,5,2023-10-18,Lennie's Ultimate Rice Pudding
20,513,5,2023-12-04,Texas Cowpoke Trail Mix
6,496,1,2023-11-15,Michele's Spinach Egg Drop Soup
23,269,4,2023-04-26,Carrot & Potato Soup
1,141,2,2023-11-19,Mustard and Wine Marinated Lamb Chops
29,463,1,2023-10-23,Rosemary Mashed Potatoes and Yams with Garlic and Parmesan
30,219,2,2023-08-16,Hasselback Potatoes
47,270,5,2023-01-14,Creamy Onion-Potato Soup
42,398,1,2023-11-11,Beef Soft Tacos
32,161,3,2023-11-19,Swedish Meatballs
47,605,4,2023-06-21,"Emeril Lagasse's Potato, Onion &amp; Roquefort Soup"
43,694,3,2023-05-13,No Sugar Fruit Cookies
48,167,4,2023-02-09,Kmt's Low Fat Ricotta Spinach Rolls
49,35,2,2023-08-12,Basil Parmesan Biscuits
32,13,4,2023-06-19,Chicken Fried Brown Rice
18,21,1,2023-08-02,Basic Crepes II
23,620,4,2023-01-17,Orange Beets
2,272,2,2023-05-10,Funeral Rice
6,605,3,2023-09-20,"Emeril Lagasse's Potato, Onion &amp; Roquefort Soup"
26,43,3,2023-04-03,Fried Rice Casserole
15,167,4,2023-01-27,Kmt's Low Fat Ricotta Spinach Rolls
6,449,2,2023-09-17,Bar-B-Q Chuck Roast
24,20,4,2023-11-29,Greek Lemon Potatoes
48,17,5,2023-01-31,Zesty Sweet Potato Pie
23,248,1,2023-02-25,Irish Mashed Potatoes
18,639,3,2023-02-25,Creamy Chicken Broccoli Bake
48,51,1,2023-07-17,Roast Suckling Pig
34,584,4,2023-11-03,Herb-Baked Chicken
12,107,1,2023-11-22,Velvet Molded Salad
36,403,4,2023-02-26,Tempeh Sukiyaki With Broccoli &amp; Cauliflower
32,419,2,2023-01-24,Karelian Hot Pot
9,502,4,2023-07-27,Creamy Fruit Cups
8,405,5,2023-05-27,Lecho
6,614,5,2023-01-20,Chicken Pasta
17,145,3,2023-03-01,Chicken Breasts With Spicy Rub
33,127,4,2023-08-30,Orange Baked Chicken II
40,358,3,2023-07-30,Berry Good Chicken
47,396,3,2023-05-21,Pumpkin Bisque
7,418,2,2023-12-15,Good-Morning Pancakes
30,504,5,2023-04-11,Grilled Bananas
22,205,3,2023-05-19,Strawberry Shortcake
38,657,1,2023-10-29,Meatball Soup
13,176,5,2023-10-21,Hot Fudge Pudding Cake
28,291,1,2023-12-03,Dumplings for Soup
11,49,2,2023-09-13,Hot Pizza Dip
38,504,5,2023-09-25,Grilled Bananas
43,476,1,2023-02-01,Easy Oven-Baked French Toast
36,418,4,2023-08-04,Good-Morning Pancakes
46,259,4,2023-05-11,Latkes (Potato Pancakes)
23,168,1,2023-04-29,Fish with Sage and Garlic Sauce
5,31,2,2023-09-26,Bacon and Potato Pie
19,437,1,2023-03-19,Eggs in Tortillas
11,36,5,2023-01-29,Bavarian Cream
24,457,3,2023-07-24,Thanksgiving for 10: New Pasta Salad
26,234,2,2023-11-22,Cool Veggie Pizza
49,153,4,2023-05-22,Chicken Stir-Fry
44,293,2,2023-09-15,Tomato Risotto
1,364,1,2023-03-08,Butternut Squash with Onions and Pecans
29,384,3,2023-06-23,Egg On The Bird's Nest!!
24,618,5,2023-05-07,Chocolate Cherry Cake
46,340,1,2023-10-30,Rose Petal Rolls
2,274,2,2023-08-23,"Beef ""N"" Onion Soup"
23,134,5,2023-06-05,Grilled Chicken Breasts in Raspberry Vinegar Marinade
12,196,4,2023-01-05,Chicken and Mustard Crumble
48,246,2,2023-08-07,Awesome Pinto Beans
8,6,5,2023-01-15,Braised Brussels Sprouts With Vinegar and Dill
12,342,2,2023-09-17,Stir Fried Beef With Ginger
13,79,5,2023-02-13,Baked Sweet Potato Sticks
33,56,2,2023-04-18,Orange and Lemon Schnitzel Rolls
7,367,1,2023-06-16,Chicken in Apple and Garlic
6,530,3,2023-01-28,Almond Chicken
24,301,4,2023-09-24,Easy Chicken Cacciatore
14,543,3,2023-11-02,Fruit-Filled Dessert Quesadillas
34,364,3,2023-09-24,Butternut Squash with Onions and Pecans
26,656,1,2023-09-04,Green Onion Potatoes
44,34,3,2023-04-12,Deviled Cauliflower
19,562,4,2023-02-26,Mystery Pecan Pie
14,38,3,2023-11-12,Swiss Chocolate Squares & Icing
47,131,4,2023-09-26,Skillet Potato Pie
47,131,1,2023-10-31,Skillet Potato Pie
16,452,3,2023-10-19,Flemish Beef Stew
20,584,1,2023-10-05,Herb-Baked Chicken
31,664,3,2023-10-31,Garden Tuna Melt
37,264,2,2023-12-10,"Raisins, Nuts n' Bulgur"
41,604,3,2023-10-12,Spaghetti Bake
27,382,3,2023-06-25,Homemade Cream Cheese
28,584,4,2023-02-28,Herb-Baked Chicken
1,487,2,2023-03-01,Plum Dumplings - Blommeboller
37,490,1,2023-02-16,Chocolate Mousse (foolproof version!)
1,52,2,2023-04-15,Barbecued Pork Strips
2,615,1,2023-09-06,Soba Noodles
49,320,5,2023-12-08,Hot and Sour Turkey Soup
1,241,4,2023-01-09,Low Carb Savory Italian Grilled Chicken
32,315,5,2023-07-03,Hamburger and Yorkshire pudding
12,493,1,2023-07-05,Hominy - Green Chile Casserole
5,222,1,2023-01-22,Quick Homemade Chili Con Carne With Beans
31,648,1,2023-11-29,Chocolate Salami
43,386,5,2023-01-13,Sauteed Persimmons with Green Beans with Chives
27,209,1,2023-10-07,Gingered Chicken Stir-Fry
44,62,2,2023-03-08,Madwizard's Pumpkin Cookies
27,284,5,2023-11-20,basilic tomato and egg
40,563,4,2023-08-13,Apple Crunch Muffins
47,396,2,2023-08-25,Pumpkin Bisque
12,31,2,2023-11-30,Bacon and Potato Pie
31,493,4,2023-01-08,Hominy - Green Chile Casserole
20,511,1,2023-06-28,Chile
12,119,5,2023-01-16,Bread and Butter Pudding II
3,552,2,2023-10-04,Stove-Top &quot; Baked Beans &quot;
38,7,2,2023-11-29,Blueberry Cookies
13,439,2,2023-04-15,Easy Ranch Chicken
25,398,2,2023-10-07,Beef Soft Tacos
8,590,2,2023-04-10,Clean Plate Hamburger Pie
48,561,5,2023-06-18,Savory Cheese &amp; Herb Biscuits
5,471,3,2023-05-23,Corn Pie With Ground Beef Crust
38,650,5,2023-07-10,Reduced Sugar Blueberry Muffins
15,584,4,2023-06-08,Herb-Baked Chicken
40,508,4,2023-11-06,Normandy Carrots
25,324,2,2023-11-19,Oatmeal Cookies
26,665,1,2023-11-26,Salmon with Maple Balsamic Glaze
19,86,4,2023-05-31,Not Your Mother's Coleslaw!
3,547,5,2023-09-21,Fried Tomatoes with Garlic
29,636,1,2023-07-06,Spicy Chicken in Foil
36,194,5,2023-04-01,Beet and Walnut Salad with Dill
27,233,1,2023-10-11,Death by Chocolate Cookies
32,184,1,2023-12-12,SU-NO-MO-NO SALAD
41,335,4,2023-08-16,Ginger Chicken
9,408,3,2023-02-13,Pumpkin Upside-Down Cake
16,324,3,2023-08-13,Oatmeal Cookies
23,604,4,2023-05-06,Spaghetti Bake
18,289,3,2023-02-06,Pineapple Rice
30,594,1,2023-04-05,Lela's Banana Nut Bread
29,235,3,2023-06-14,Cucumber Chicken Pitas
17,124,5,2023-09-26,Homemade Chips
2,416,3,2023-02-28,Sushi Rolls
47,670,5,2023-05-26,Orange Angel Cake
32,293,5,2023-09-09,Tomato Risotto
19,506,4,2023-07-22,Better Biscuits
33,198,5,2023-08-09,Pistachio  Pudding Supreme Aka Watergate Salad
3,231,1,2023-07-05,Southern Chili & Beans
8,358,2,2023-06-04,Berry Good Chicken
47,148,5,2023-03-29,Vinegar-slithered Green Cabbage
39,185,1,2023-05-01,Waikiki Chicken with Pineapple
29,28,1,2023-09-17,Grilled Bourbon Salmon
35,303,5,2023-03-28,Fusilli Four Color Pasta
16,536,1,2023-08-09,Death By Chocolate Cake Mix
17,435,3,2023-05-03,Italian Dressing - Low Sodium
28,203,5,2023-11-19,Herbed Roasted Vegetables
47,351,2,2023-08-03,Stir Fried Oysters with Garlic
22,272,1,2023-08-14,Funeral Rice
41,353,3,2023-02-17,Morning Casserole
24,559,5,2023-05-01,Very Quick Soft Breadsticks
50,474,5,2023-08-09,Peppered Steak With 5 Star Gourmet Steak Sauce
26,627,4,2023-03-12,Fluffy Orange Sponge Cake
48,40,3,2023-09-18,Linzer Bar
26,152,3,2023-10-10,Magic Squares
48,543,2,2023-01-24,Fruit-Filled Dessert Quesadillas
1,534,2,2023-02-26,Lite Cauliflower with mushroom sauce
6,529,1,2023-10-28,Brussels Sprouts and Potatoes
32,226,3,2023-09-12,Delicious Manhattan Seafood Chowder
20,253,2,2023-12-12,Southwest Vegetable Soup
6,633,2,2023-10-11,Sesame Ginger Shrimp and Vegetable Packets
9,414,2,2023-01-16,Berbere
25,173,4,2023-05-10,Fiesta Cheesecake
27,624,1,2023-06-27,Veal Scaloppine
34,263,3,2023-12-05,Crock Pot Pork with Root Beer Sauce
47,94,2,2023-11-19,Asparagus Soup
23,153,5,2023-11-25,Chicken Stir-Fry
36,207,2,2023-11-20,Oven-Fried Vegetables
40,512,3,2023-05-01,Pork Chops in Onion sauce
43,36,1,2023-02-23,Bavarian Cream
37,472,4,2023-07-29,Fruited Turkey Breast
29,592,5,2023-05-11,Quick Chicken and Bacon Saut&eacute;
17,221,2,2023-05-22,Baked Beans Deluxe
32,84,2,2023-01-12,Broccoli With Lemon
4,37,5,2023-04-16,Sugar-Coated Pecans
11,517,5,2023-04-30,Stir Fried Prawns
49,98,2,2023-12-07,Pop-Up Pizza
33,151,2,2023-05-25,Roasted Rosemary Skewered Figs
29,438,5,2023-07-17,Candy Cane Bark
7,223,3,2023-07-05,Quick and Easy No Bake Chocolate Cookies
7,604,3,2023-03-04,Spaghetti Bake
41,649,4,2023-04-07,Chocolate Crunch Brownies
24,213,1,2023-05-29,Hamburger - Noodle - Corn Casserole
13,8,1,2023-08-26,Abby's Pecan Apple Cake
48,205,4,2023-01-05,Strawberry Shortcake
31,446,5,2023-08-15,Bacon Biscuits
17,527,2,2023-02-22,Chicken Gravy (Easy!)
33,435,4,2023-12-06,Italian Dressing - Low Sodium
6,554,4,2023-05-07,Tequila Pork Roast
50,9,3,2023-08-07,Appetizers-Easy Stuffed Mushrooms
25,249,1,2023-07-24,Goat Cheese &amp; Black Olive Mashed Potatoes
4,8,4,2023-02-23,Abby's Pecan Apple Cake
16,676,3,2023-08-25,Campbell's Orange Beef
25,677,3,2023-02-20,3-Ingredient Cinnamon Banana Slice
30,117,2,2023-02-25,Ham With Spiced Cherry Sauce
30,483,4,2023-03-03,"Ground Beef, Rice and Cabbage Hot Pot"
23,510,4,2023-09-19,Carrot Rice with Peanuts
34,559,5,2023-06-25,Very Quick Soft Breadsticks
5,208,4,2023-11-18,Lobster Newburg
18,223,4,2023-07-27,Quick and Easy No Bake Chocolate Cookies
18,539,4,2023-09-21,Homemade Cough Syrup
41,581,1,2023-06-27,Russian Cabbage Soup
20,379,3,2023-05-18,Chicken And Pasta
14,166,1,2023-11-01,Kid's Macaroni &amp; Cheese Casserole
10,3,3,2023-04-02,Lou's Fabulous Bruschetta
1,166,4,2023-05-29,Kid's Macaroni &amp; Cheese Casserole
4,595,2,2023-08-29,Chicken Mashed Potatoes
43,645,2,2023-02-27,Ginger Tea
38,137,1,2023-02-17,Bacon-Wrapped Little Loaves
4,38,2,2023-01-02,Swiss Chocolate Squares & Icing
49,243,5,2023-12-02,Spinach Tart - Spinach Pie
45,656,5,2023-04-28,Green Onion Potatoes
31,90,3,2023-06-27,Danish Sourdough Pumpernickel
21,69,5,2023-02-21,Eggplant (Aubergine) and Ziti Parmesan
2,382,1,2023-02-14,Homemade Cream Cheese
5,658,2,2023-10-23,Orange Bread With Dates
38,123,2,2023-02-10,East Indian Chicken
1,398,3,2023-02-12,Beef Soft Tacos
31,65,3,2023-05-07,Crustless Sugar-Free Pumpkin Pie Diabetic
6,312,3,2023-02-17,Patty Melts
14,403,1,2023-05-14,Tempeh Sukiyaki With Broccoli &amp; Cauliflower
2,308,3,2023-10-13,Poseidon's Scallops
23,428,2,2023-08-09,Pasta and Peas
14,687,5,2023-12-05,Diet Delight Chicken Curry
25,315,1,2023-09-04,Hamburger and Yorkshire pudding
15,215,1,2023-08-20,Salmon Patties
31,511,1,2023-11-03,Chile
8,91,4,2023-08-04,Cheddar Biscuits
41,351,2,2023-02-14,Stir Fried Oysters with Garlic
2,119,5,2023-11-09,Bread and Butter Pudding II
24,104,4,2023-09-12,Cantaloupe Melba
47,694,4,2023-01-24,No Sugar Fruit Cookies
40,258,3,2023-05-22,"Sweet Potatoes ""a little tipsy"""
41,683,2,2023-03-25,Bourbon Dogs
5,516,1,2023-03-20,Honey Dijon Pork Chops
39,655,4,2023-01-09,Spinach Con Queso
7,363,1,2023-08-30,Chicken With Olives
21,693,4,2023-12-12,Burgundy Barley Beef Stew
17,460,3,2023-10-18,Quick Chicken
17,200,4,2023-09-29,Lemonade Scones
50,656,1,2023-09-30,Green Onion Potatoes
48,211,5,2023-04-19,Maple-Mustard Grilled Chicken
15,624,4,2023-08-09,Veal Scaloppine
20,217,5,2023-01-29,Crock Pot Chili Con Carne With Beans
6,517,3,2023-07-07,Stir Fried Prawns
9,372,5,2023-03-19,Refrigerator Cookies
10,201,4,2023-01-31,Cream of Chicken Stew
36,250,3,2023-02-07,Portuguese Barbecued Chicken
10,447,3,2023-11-24,Sunshine Calf or Pork Liver &quot; Brownies &quot;
29,560,5,2023-07-03,Russian Skillet Stroganoff
22,442,4,2023-08-16,Beef Turnovers (Empanadas)
6,438,3,2023-11-18,Candy Cane Bark
25,652,5,2023-08-25,Speculaas (Dutch spiced biscuit)
3,455,2,2023-04-02,Vegetarian Stuffed Eggplant (Aubergine)
35,361,4,2023-07-31,"Tostones, or Fried Banana. (Venezuela)"
37,628,3,2023-07-17,Scallops With Zucchini
15,236,4,2023-01-06,Spicy Shrimp With Spinach and Walnuts
44,250,4,2023-06-08,Portuguese Barbecued Chicken
24,517,3,2023-01-09,Stir Fried Prawns
49,633,5,2023-05-24,Sesame Ginger Shrimp and Vegetable Packets
23,38,4,2023-10-16,Swiss Chocolate Squares & Icing
10,73,5,2023-11-14,Low-Fat Pumpkin Pie
22,435,5,2023-03-19,Italian Dressing - Low Sodium
43,418,5,2023-07-19,Good-Morning Pancakes
12,86,5,2023-09-06,Not Your Mother's Coleslaw!
35,518,5,2023-03-15,Stir-Fried Garlic Frog's Legs
4,347,4,2023-11-16,Perruso's Spaghetti and Meatballs
3,585,4,2023-07-14,Good Guacamole for Two
6,538,4,2023-01-26,Impossible Greek Spinach Pie
28,629,4,2023-06-12,Easy Vegetable and Cheese Lasagna
25,1,4,2023-03-02,Cabbage Soup
30,693,4,2023-04-22,Burgundy Barley Beef Stew
44,640,1,2023-09-10,Best Banana Muffins
19,85,1,2023-10-16,Oatmeal Raisin Cookies
26,353,1,2023-07-07,Morning Casserole
35,415,3,2023-07-19,Zucchini Garlic Chicken Skillet
3,458,3,2023-12-10,Mississippi Chicken
17,130,2,2023-03-05,Scrambled Eggs Benedict
28,40,2,2023-06-03,Linzer Bar
22,464,3,2023-02-02,Linguine with Ham
48,509,1,2023-10-19,White Chili
26,324,4,2023-07-17,Oatmeal Cookies
45,519,5,2023-09-13,Super Easy Rum Cake
45,534,1,2023-08-02,Lite Cauliflower with mushroom sauce
46,184,3,2023-05-30,SU-NO-MO-NO SALAD
8,293,1,2023-10-28,Tomato Risotto
45,464,1,2023-07-05,Linguine with Ham
40,203,2,2023-01-20,Herbed Roasted Vegetables
10,438,4,2023-05-24,Candy Cane Bark
15,132,2,2023-01-23,Spiced Chocolate Applesauce Cake
22,561,2,2023-07-24,Savory Cheese &amp; Herb Biscuits
42,390,2,2023-08-10,Pumpkin Salad (Tirshi)
47,601,5,2023-08-27,Southwestern Couscous
48,173,2,2023-10-12,Fiesta Cheesecake
44,605,2,2023-04-22,"Emeril Lagasse's Potato, Onion &amp; Roquefort Soup"
43,630,1,2023-02-04,Slow Cooked Oriental Pork Chops
35,164,5,2023-09-13,Delicious Quick Pasta &amp; Sauce
7,151,3,2023-01-18,Roasted Rosemary Skewered Figs
15,53,3,2023-03-10,Paella
7,9,2,2023-08-18,Appetizers-Easy Stuffed Mushrooms
1,547,4,2023-02-09,Fried Tomatoes with Garlic
37,41,1,2023-05-15,Lemon-Pineapple Baked Chicken
42,294,1,2023-11-28,Pot Roast in a Crock Pot
30,295,4,2023-12-02,Easy Steak Diane
33,61,5,2023-01-11,Greek Turkey Burgers
19,444,5,2023-07-25,Overnight Blueberry French Toast
10,259,3,2023-06-10,Latkes (Potato Pancakes)
2,307,4,2023-08-07,Avocado Salsa
20,67,4,2023-11-23,Azteca Soup Adopted
35,89,4,2023-10-28,Cream of Broccoli Soup
30,568,2,2023-08-20,Turkey Veg out Sandwiches
6,238,2,2023-02-06,Crab Stuffed Portabella Mushrooms
40,202,5,2023-05-12,BBQ Chicken With Spicy Yogurt
5,361,3,2023-01-14,"Tostones, or Fried Banana. (Venezuela)"
14,182,4,2023-02-18,Orzo Salad With Corn and Cucumber-Feta Dressing
29,629,1,2023-10-30,Easy Vegetable and Cheese Lasagna
38,340,5,2023-12-10,Rose Petal Rolls
30,597,4,2023-09-02,Baked Fish with Orange Sauce
39,468,1,2023-04-25,Mahogany Buttercrunch Toffee
18,557,2,2023-10-23,Navy Bean Soup-Pressure Cooker
38,110,5,2023-10-14,Armenian Eggplant (Aubergine) Casserole
48,563,5,2023-07-17,Apple Crunch Muffins
17,356,2,2023-04-21,Tuna Casserole
8,480,1,2023-08-02,Chili Dogs
49,72,2,2023-03-09,Mrs. Field's Oatmeal Cookies
15,95,2,2023-06-01,Asparagus With Shallots
27,225,4,2023-07-10,Red Cabbage and Apples
29,425,2,2023-07-19,Chicken With Caramelized Onions
19,3,4,2023-04-03,Lou's Fabulous Bruschetta
50,121,4,2023-02-23,Zaney's Simple Garlickly Baked Chicken
16,125,1,2023-05-15,Homemade Croutons
29,398,3,2023-08-06,Beef Soft Tacos
42,219,2,2023-04-05,Hasselback Potatoes
35,626,2,2023-10-25,Tangy Lemon Rice with Peanuts
33,466,1,2023-02-23,Scrambled Egg and Tomato
11,297,3,2023-07-03,Basic Potato Salad
38,231,5,2023-05-19,Southern Chili & Beans
17,321,1,2023-12-08,Barley With Vegetables
22,546,1,2023-06-11,Crock Pot Creamy Orange Cheesecake
12,336,4,2023-10-13,Szechuan Bok Choy
9,296,1,2023-06-14,Philadelphia Cheesesteak
29,221,2,2023-11-23,Baked Beans Deluxe
27,403,2,2023-05-28,Tempeh Sukiyaki With Broccoli &amp; Cauliflower
42,200,5,2023-12-11,Lemonade Scones
7,200,5,2023-12-12,Lemonade Scones
44,352,3,2023-06-13,Ratatouille
37,343,4,2023-11-30,Broccoli &amp; Garlic Pasta for One
23,292,4,2023-11-22,"Chili, with or without the meat"
31,12,5,2023-06-10,Chocolate Tapioca Pudding
43,555,5,2023-07-14,Rosemary Orange Pound Cake
16,170,4,2023-10-02,Fresh Vegetable Basil Soup
10,335,5,2023-07-01,Ginger Chicken
37,113,4,2023-03-19,Seasoned Turkey Patties
23,327,1,2023-11-29,Beans & Rice
34,422,3,2023-11-14,Homemade Sweetened Condensed Milk
19,534,5,2023-07-07,Lite Cauliflower with mushroom sauce
12,423,5,2023-02-20,Maple Glazed Acorn Squash
16,355,4,2023-09-27,The Wise Tomato (Sage that is!)
32,690,5,2023-06-25,Not Your Average Brussels Sprouts
10,657,3,2023-06-25,Meatball Soup
12,439,2,2023-07-31,Easy Ranch Chicken
41,452,1,2023-01-11,Flemish Beef Stew
6,228,1,2023-03-23,Fried Apples
29,233,5,2023-03-20,Death by Chocolate Cookies
23,493,1,2023-07-06,Hominy - Green Chile Casserole
22,485,4,2023-03-22,My Mom's Wilted Lettuce
39,215,2,2023-07-09,Salmon Patties
22,436,5,2023-04-27,Custard (Natilla)
27,524,5,2023-11-08,Country Pancakes
34,110,1,2023-11-18,Armenian Eggplant (Aubergine) Casserole
22,512,1,2023-06-14,Pork Chops in Onion sauce
26,309,1,2023-01-16,Goat Cheese and Herb Dip
10,501,3,2023-08-06,"Cabbage, Sausage and Potato Stew"
40,627,4,2023-03-16,Fluffy Orange Sponge Cake
34,79,1,2023-02-27,Baked Sweet Potato Sticks
5,642,2,2023-01-09,Cherry Orgasm
35,333,2,2023-11-05,Crock Pot Creamy Chicken
28,125,1,2023-06-09,Homemade Croutons
24,696,3,2023-01-15,Stewed Chicken And Dumplings
21,462,5,2023-11-06,Hamburger Stroganoff
3,256,2,2023-10-29,Jalapeno Cheese Bread (for bread making machines)
44,456,5,2023-10-29,Dundee Cake
15,584,4,2023-06-16,Herb-Baked Chicken
23,635,5,2023-10-03,Tuna-Noodle Casserole
10,135,5,2023-11-13,Unstuffed Mushroom Dip
8,306,1,2023-08-20,Sushi-Style Roll-Ups
22,203,1,2023-07-22,Herbed Roasted Vegetables
34,95,3,2023-08-05,Asparagus With Shallots
22,439,2,2023-08-24,Easy Ranch Chicken
46,526,4,2023-07-01,Dressed Egg Salad
12,394,4,2023-05-03,Garlic String / Green  Beans
34,468,1,2023-04-09,Mahogany Buttercrunch Toffee
46,336,2,2023-09-17,Szechuan Bok Choy
17,479,1,2023-07-10,Country Chicken Pot Pie
38,220,5,2023-03-27,Onion and Potato casserole
5,683,1,2023-02-16,Bourbon Dogs
27,217,4,2023-06-21,Crock Pot Chili Con Carne With Beans
44,146,1,2023-09-09,Solo Teriyaki Chicken  Pilaf
27,215,4,2023-08-10,Salmon Patties
36,336,3,2023-01-31,Szechuan Bok Choy
8,258,5,2023-07-11,"Sweet Potatoes ""a little tipsy"""
29,350,5,2023-09-05,Turmeric Fried Rice
16,600,2,2023-06-03,Herbed Potato Salad
28,192,4,2023-09-11,Rhubarb Kuchen
40,78,5,2023-11-07,Pork Cutlets
23,158,1,2023-12-12,"Veal Cutlets, breaded"
28,243,4,2023-02-25,Spinach Tart - Spinach Pie
20,115,5,2023-01-23,Surprise Rice
10,285,5,2023-01-30,Caffeine Jolt Chicken
5,497,1,2023-05-11,KFC Twisters
3,147,4,2023-02-09,Fair Funnel Cakes
10,142,2,2023-09-01,Apple Raspberry Pie
44,270,4,2023-04-08,Creamy Onion-Potato Soup
28,662,1,2023-04-13,Baked Green Beans with Feta Cheese
16,656,3,2023-06-24,Green Onion Potatoes
2,336,5,2023-05-22,Szechuan Bok Choy
41,106,4,2023-10-09,Picnic Chicken Potato Salad
26,284,3,2023-06-22,basilic tomato and egg
35,168,2,2023-07-31,Fish with Sage and Garlic Sauce
22,93,5,2023-11-02,Aloha Cheesecake
12,598,5,2023-07-02,Rustic Ravioli Stew
4,290,1,2023-07-04,Thai Thighs
35,164,5,2023-05-11,Delicious Quick Pasta &amp; Sauce
42,523,4,2023-06-01,Old Fashioned Milk Pie
4,637,4,2023-11-25,Spicy Peanut Chicken Wings
11,552,5,2023-06-17,Stove-Top &quot; Baked Beans &quot;
34,231,4,2023-01-09,Southern Chili & Beans
2,296,5,2023-07-04,Philadelphia Cheesesteak
17,177,2,2023-10-11,Popeye's favorite
43,698,1,2023-08-03,"Easy, Quick ,Hot Turkey Sandwiches"
7,450,2,2023-10-10,Great Garlic Bread
19,341,2,2023-05-04,Cranberry Relish
39,302,4,2023-04-17,Chicken Fajitas
39,210,3,2023-05-23,Stuffed Acorn Squash
14,421,1,2023-10-28,Banana Choco Chip Muffins
40,625,3,2023-09-25,Easy 5-Ingredient Chili
32,628,1,2023-03-27,Scallops With Zucchini
14,562,1,2023-01-24,Mystery Pecan Pie
16,252,5,2023-07-14,Hot Mexican Cornbread
25,570,2,2023-08-06,Chocolate-Covered Maraschino Cherries
6,253,2,2023-02-26,Southwest Vegetable Soup
25,80,2,2023-07-28,Christmas Fudge
43,435,2,2023-06-15,Italian Dressing - Low Sodium
40,653,1,2023-04-13,Dutch Stewed ' Cinnamon'  Pears (Stoofpeertjes)
30,642,1,2023-01-11,Cherry Orgasm
13,39,5,2023-07-27,Barley &amp; Mushroom Stuffed Green Bell Peppers
42,177,1,2023-01-19,Popeye's favorite
7,247,2,2023-03-09,Creamy Pea Salad
4,544,4,2023-03-25,Molasses Sugar Cookies
25,350,4,2023-01-09,Turmeric Fried Rice
20,124,2,2023-03-22,Homemade Chips
22,582,1,2023-07-09,Asparagus Soup
30,42,3,2023-05-27,Pineapple Crumble Bars
9,624,4,2023-09-07,Veal Scaloppine
22,632,2,2023-05-14,Ginger Vegetable Lo Mein
37,362,3,2023-05-15,Sliced Steak with Roasted-corn Salsa
48,517,1,2023-08-11,Stir Fried Prawns
42,531,3,2023-04-05,Greek Pasta Salad
9,183,1,2023-07-13,Chiles Rellenos Casserole
19,467,1,2023-11-18,Onion Flavored Rice Mix
40,359,5,2023-02-18,Rice Pilaf
9,526,4,2023-07-03,Dressed Egg Salad
8,45,3,2023-06-20,Delicious Pizza Sauce
20,407,5,2023-10-02,Garlic Lover's Chicken
24,565,3,2023-01-24,Lemon Dill Carrots
18,449,4,2023-04-10,Bar-B-Q Chuck Roast
28,265,4,2023-12-07,Coconutty Macaroons
2,290,2,2023-04-07,Thai Thighs
13,174,4,2023-04-06,Thai Sweet Chili Sauce
20,486,3,2023-07-24,(My Own Lazy Day Recipe)  Chicken Noodle Soup
3,207,1,2023-12-12,Oven-Fried Vegetables
40,532,1,2023-08-13,Tuna elbows casserole
23,676,4,2023-06-10,Campbell's Orange Beef
31,179,2,2023-03-21,Meat Pie with Phyllo Dough
2,226,2,2023-08-24,Delicious Manhattan Seafood Chowder
6,293,5,2023-10-16,Tomato Risotto
12,542,1,2023-02-27,Orange Chicken Crock Pot
3,139,3,2023-04-06,Banana Cream Pie
39,37,5,2023-02-16,Sugar-Coated Pecans
49,521,2,2023-09-02,Lentil Soup
36,35,4,2023-05-26,Basil Parmesan Biscuits
16,102,5,2023-01-15,Deutsches Beefsteak (German Beefsteaks)
37,331,2,2023-08-30,Lime Cumin Chicken
33,691,5,2023-08-24,Roast Leg of Lamb - Mediterranean Style
30,224,5,2023-04-30,Easy Hamburger Casserole
2,56,4,2023-08-28,Orange and Lemon Schnitzel Rolls
45,325,5,2023-06-28,Biff's Sweet Sour Shrimp and Pasta
45,686,5,2023-08-18,Sweet N Sour Bean Salad
21,32,4,2023-07-06,Fragrant Lamb Stew with Dried Fruits
43,166,5,2023-01-22,Kid's Macaroni &amp; Cheese Casserole
45,163,4,2023-11-14,Banana Nut Muffins
41,57,1,2023-02-04,Sugar Cookies
10,536,3,2023-11-14,Death By Chocolate Cake Mix
9,46,5,2023-10-14,Chicken Fried Rice II
31,180,3,2023-08-30,Ghos Pilaau
43,272,2,2023-02-27,Funeral Rice
48,441,2,2023-07-13,Mulled Holiday Tea
17,471,5,2023-05-17,Corn Pie With Ground Beef Crust
37,468,5,2023-06-01,Mahogany Buttercrunch Toffee
11,254,1,2023-05-11,Aubergine or Eggplant Salad
35,114,5,2023-01-29,Banana Bread 3
43,76,4,2023-02-11,Southern Biscuits
10,495,2,2023-03-30,Mushroom Pasta Scampi
23,231,1,2023-02-04,Southern Chili & Beans
37,223,3,2023-10-04,Quick and Easy No Bake Chocolate Cookies
27,439,5,2023-06-06,Easy Ranch Chicken
49,104,1,2023-04-16,Cantaloupe Melba
5,183,2,2023-02-01,Chiles Rellenos Casserole
27,312,4,2023-01-09,Patty Melts
24,47,4,2023-03-10,Cauliflower with Lemon
46,22,2,2023-06-27,Irish Dark Soda Bread
36,27,1,2023-05-24,Baked Creamed Potatoes
30,379,2,2023-03-24,Chicken And Pasta
35,6,3,2023-02-10,Braised Brussels Sprouts With Vinegar and Dill
40,684,4,2023-02-09,Peaches N' Cream Pie
33,227,5,2023-03-24,Beer Bread
29,358,1,2023-02-14,Berry Good Chicken
34,68,5,2023-06-11,Braised Celery
2,243,3,2023-01-03,Spinach Tart - Spinach Pie
44,369,2,2023-08-02,Pepper Medley
20,423,2,2023-12-07,Maple Glazed Acorn Squash
45,79,1,2023-09-02,Baked Sweet Potato Sticks
44,622,4,2023-11-04,Cheese and Trees Soup
21,681,4,2023-08-14,Tex Mex Soup
31,176,4,2023-05-16,Hot Fudge Pudding Cake
22,498,5,2023-09-03,Banana Caramel Fluff
48,539,4,2023-06-02,Homemade Cough Syrup
48,686,4,2023-08-13,Sweet N Sour Bean Salad
49,131,2,2023-10-15,Skillet Potato Pie
37,227,2,2023-09-30,Beer Bread
30,130,1,2023-02-03,Scrambled Eggs Benedict
47,668,4,2023-07-07,Hamburger Veggie Soup
39,249,3,2023-01-25,Goat Cheese &amp; Black Olive Mashed Potatoes
14,662,2,2023-04-10,Baked Green Beans with Feta Cheese
39,556,4,2023-11-24,Red Lentil Soup-Turkish Style
24,100,4,2023-06-19,Oatmeal Muffins II
15,236,1,2023-06-13,Spicy Shrimp With Spinach and Walnuts
20,157,2,2023-02-12,Baked Acorn Squash &amp; Brown Sugar
15,302,4,2023-09-26,Chicken Fajitas
28,536,4,2023-01-19,Death By Chocolate Cake Mix
23,554,5,2023-04-18,Tequila Pork Roast
20,273,2,2023-07-25,Sky High Biscuits
13,396,4,2023-10-25,Pumpkin Bisque
14,30,3,2023-07-10,Golden Baked Fish
10,89,4,2023-01-07,Cream of Broccoli Soup
19,89,3,2023-04-14,Cream of Broccoli Soup
18,624,1,2023-11-09,Veal Scaloppine
44,100,5,2023-10-11,Oatmeal Muffins II
34,543,3,2023-12-01,Fruit-Filled Dessert Quesadillas
13,217,3,2023-05-08,Crock Pot Chili Con Carne With Beans
31,102,4,2023-08-28,Deutsches Beefsteak (German Beefsteaks)
40,67,3,2023-03-20,Azteca Soup Adopted
48,291,5,2023-08-26,Dumplings for Soup
23,45,4,2023-12-07,Delicious Pizza Sauce
37,237,5,2023-11-06,Smashed Potatoes
4,279,1,2023-07-20,Southwest Grilled Salmon With Cilantro Lime Butter
22,36,2,2023-06-09,Bavarian Cream
18,309,5,2023-05-26,Goat Cheese and Herb Dip
10,27,3,2023-11-15,Baked Creamed Potatoes
42,69,3,2023-01-05,Eggplant (Aubergine) and Ziti Parmesan
25,423,1,2023-09-30,Maple Glazed Acorn Squash
1,251,4,2023-10-27,onion pizza
19,622,3,2023-03-15,Cheese and Trees Soup
8,593,3,2023-04-16,Carrot and Zucchini Chocolate Cake
20,153,1,2023-01-05,Chicken Stir-Fry
25,169,2,2023-05-02,Pudina (Mint) Roti
8,566,1,2023-01-03,Fast Fruit Tarts
38,167,3,2023-02-21,Kmt's Low Fat Ricotta Spinach Rolls
1,370,4,2023-03-01,Cheesy Red Beans and Rice
37,489,4,2023-06-29,Stuffed Trout (Campside or Grilled)
4,303,3,2023-10-26,Fusilli Four Color Pasta
18,576,5,2023-07-16,Crock Pot Root Vegetable Ground Beef Stew
16,246,3,2023-08-10,Awesome Pinto Beans
3,691,5,2023-07-14,Roast Leg of Lamb - Mediterranean Style
14,514,4,2023-06-15,Stir-Fry Pita Sandwiches
9,113,1,2023-07-16,Seasoned Turkey Patties
21,576,5,2023-05-21,Crock Pot Root Vegetable Ground Beef Stew
10,458,3,2023-08-07,Mississippi Chicken
2,234,3,2023-11-19,Cool Veggie Pizza
36,221,2,2023-03-11,Baked Beans Deluxe
24,322,1,2023-09-20,Almond Cinnamon Crescents
22,529,5,2023-11-29,Brussels Sprouts and Potatoes
42,627,4,2023-01-02,Fluffy Orange Sponge Cake
47,653,4,2023-03-04,Dutch Stewed ' Cinnamon'  Pears (Stoofpeertjes)
43,305,4,2023-04-14,Herb Pepper-Encrusted Beef Fillet
19,661,2,2023-08-25,Cornish Loaf
31,694,5,2023-06-11,No Sugar Fruit Cookies
18,482,1,2023-11-26,Decadent Triple Layer Mud Pie
16,442,2,2023-09-01,Beef Turnovers (Empanadas)
45,503,2,2023-07-08,Green Fennel Seeds Tea
14,604,4,2023-11-11,Spaghetti Bake
32,78,3,2023-01-05,Pork Cutlets
3,676,4,2023-09-09,Campbell's Orange Beef
1,572,3,2023-07-01,Old Kentucky Favorite Potato Salad
10,680,5,2023-08-29,Deviled Steak Strips
42,285,2,2023-05-05,Caffeine Jolt Chicken
23,135,3,2023-09-16,Unstuffed Mushroom Dip
30,264,3,2023-10-04,"Raisins, Nuts n' Bulgur"
35,310,4,2023-02-27,Roasted Red Bell Peppers
9,301,1,2023-10-01,Easy Chicken Cacciatore
13,41,4,2023-07-21,Lemon-Pineapple Baked Chicken
12,187,4,2023-01-27,Bourbon Steak
37,33,1,2023-05-09,Easy Cream Cheese Fruit Squares
42,690,1,2023-04-30,Not Your Average Brussels Sprouts
14,68,1,2023-08-28,Braised Celery
38,556,3,2023-07-25,Red Lentil Soup-Turkish Style
22,187,2,2023-01-18,Bourbon Steak
5,508,5,2023-09-17,Normandy Carrots
4,234,5,2023-03-18,Cool Veggie Pizza
41,142,2,2023-06-23,Apple Raspberry Pie
23,499,3,2023-06-01,Rack of Lamb With a Honey-Hazelnut Crust
7,443,5,2023-07-20,Garlic Swiss Steak
3,478,5,2023-06-28,Chicken &amp; Noodles
36,253,2,2023-10-27,Southwest Vegetable Soup
30,3,4,2023-01-08,Lou's Fabulous Bruschetta
15,487,1,2023-05-10,Plum Dumplings - Blommeboller
37,472,1,2023-03-24,Fruited Turkey Breast
22,150,4,2023-02-28,"Fig, Cabrales, and Walnut Salad"
12,513,3,2023-03-26,Texas Cowpoke Trail Mix
22,194,1,2023-05-21,Beet and Walnut Salad with Dill
38,661,4,2023-01-09,Cornish Loaf
19,382,4,2023-10-28,Homemade Cream Cheese
13,41,4,2023-02-02,Lemon-Pineapple Baked Chicken
8,350,2,2023-05-25,Turmeric Fried Rice
1,303,1,2023-06-12,Fusilli Four Color Pasta
21,141,1,2023-10-26,Mustard and Wine Marinated Lamb Chops
44,19,5,2023-11-29,Gado Gado: Indonesian Salad
49,579,5,2023-10-27,Sweet &amp; Sour Meatballs
11,646,2,2023-06-03,Carrot Raisin Muffins
13,255,4,2023-08-02,Bob's Mexican Rice
32,43,2,2023-01-09,Fried Rice Casserole
28,617,1,2023-10-10,Herbed Chicken with Grapes
7,465,4,2023-08-27,Scalloped Potatoes with Sun-Dried Tomato Pesto
11,49,4,2023-07-04,Hot Pizza Dip
12,368,1,2023-01-13,Honey Mustard Curry Chicken
14,221,5,2023-04-12,Baked Beans Deluxe
13,598,5,2023-06-22,Rustic Ravioli Stew
42,687,4,2023-03-29,Diet Delight Chicken Curry
27,81,3,2023-09-15,Barbecue Chicken Pizza
36,100,3,2023-02-19,Oatmeal Muffins II
28,338,5,2023-06-10,Firehouse Meatloaf
32,470,1,2023-09-05,Spicy Shrimp With Green Beans &amp; Red Pepper
50,268,2,2023-05-22,"Marinara, Seafood Pasta"
11,399,4,2023-08-12,"Brown Rice, Nut &amp; Tempeh Casserole"
47,142,2,2023-08-26,Apple Raspberry Pie
10,550,3,2023-09-19,Sonoran Rice
36,562,2,2023-11-08,Mystery Pecan Pie
30,428,4,2023-10-09,Pasta and Peas
35,629,1,2023-07-17,Easy Vegetable and Cheese Lasagna
49,123,1,2023-01-26,East Indian Chicken
48,586,1,2023-07-06,Maple Glazed green Beans
21,657,4,2023-02-02,Meatball Soup
7,592,2,2023-04-17,Quick Chicken and Bacon Saut&eacute;
11,215,5,2023-11-10,Salmon Patties
32,424,1,2023-06-27,Ham and Cheese Casserole
43,224,4,2023-03-25,Easy Hamburger Casserole
15,239,1,2023-08-08,Veggie Tofu Stir-Fry With Sesame Seeds Over Brown Rice
50,465,2,2023-04-01,Scalloped Potatoes with Sun-Dried Tomato Pesto
9,23,2,2023-03-27,Colcannon
39,240,1,2023-09-30,Brown Sugar Pie
43,422,4,2023-10-21,Homemade Sweetened Condensed Milk
2,143,5,2023-01-04,Audrey's Oriental Chicken
46,341,1,2023-04-19,Cranberry Relish
16,359,4,2023-12-01,Rice Pilaf
48,261,4,2023-06-03,Beef 'n Noodle Casserole
4,505,1,2023-06-12,Garlic Chicken Breasts in Balsamic Vinegar
16,482,2,2023-09-08,Decadent Triple Layer Mud Pie
29,475,1,2023-03-18,Asian Noodle Skillet
40,555,1,2023-02-04,Rosemary Orange Pound Cake
31,476,4,2023-02-10,Easy Oven-Baked French Toast
43,24,4,2023-03-27,7-Up Cake
11,11,2,2023-09-03,Citrus Chicken
35,111,5,2023-04-22,Beef Consome Rice
35,283,2,2023-11-24,Good Broccoli Casserole
50,47,2,2023-09-17,Cauliflower with Lemon
9,590,2,2023-09-09,Clean Plate Hamburger Pie
13,572,1,2023-08-04,Old Kentucky Favorite Potato Salad
6,17,3,2023-10-21,Zesty Sweet Potato Pie
18,190,4,2023-08-16,Red Onion Confit
35,325,3,2023-11-11,Biff's Sweet Sour Shrimp and Pasta
23,316,2,2023-11-06,Hazelnut Torte
12,58,3,2023-10-15,Yakisoba
16,307,1,2023-04-24,Avocado Salsa
20,89,5,2023-03-07,Cream of Broccoli Soup
36,158,5,2023-02-03,"Veal Cutlets, breaded"
27,684,5,2023-01-05,Peaches N' Cream Pie
25,121,3,2023-10-21,Zaney's Simple Garlickly Baked Chicken
33,139,5,2023-04-13,Banana Cream Pie
13,193,4,2023-08-15,Low-Fat Spanish Rice
36,372,5,2023-01-18,Refrigerator Cookies
28,125,5,2023-11-16,Homemade Croutons
24,402,5,2023-08-12,Ghirardelli' S Ultimate Chocolate Chip Cookies
50,481,2,2023-10-16,Coconut-Lentil Chutney
15,262,1,2023-11-21,Indian Tacos
23,628,4,2023-11-15,Scallops With Zucchini
48,629,3,2023-05-02,Easy Vegetable and Cheese Lasagna
23,129,1,2023-11-23,Wanda's World Famous Pecan Pie
50,323,1,2023-09-21,Easy Frosting
19,438,5,2023-01-25,Candy Cane Bark
23,362,3,2023-03-19,Sliced Steak with Roasted-corn Salsa
26,76,1,2023-02-01,Southern Biscuits
17,312,2,2023-06-21,Patty Melts
7,226,2,2023-05-18,Delicious Manhattan Seafood Chowder
49,324,2,2023-06-14,Oatmeal Cookies
13,329,2,2023-11-20,Pina Colada
10,670,2,2023-01-11,Orange Angel Cake
36,382,2,2023-05-17,Homemade Cream Cheese
4,525,2,2023-04-04,Ratatouille Walnut Tart
40,453,2,2023-02-21,Cauliflower and Cheese Puff
21,539,5,2023-04-26,Homemade Cough Syrup
17,458,3,2023-04-22,Mississippi Chicken
3,310,3,2023-11-02,Roasted Red Bell Peppers
47,214,5,2023-08-03,Mary's Best Zucchini Bread
46,406,4,2023-06-03,Quick Ham &amp; Macaroni Casserole
4,409,1,2023-07-04,Sweet Potato and Apple Gratin
43,274,1,2023-06-07,"Beef ""N"" Onion Soup"
7,402,4,2023-03-17,Ghirardelli' S Ultimate Chocolate Chip Cookies
48,470,2,2023-03-25,Spicy Shrimp With Green Beans &amp; Red Pepper
11,174,2,2023-08-30,Thai Sweet Chili Sauce
18,352,4,2023-09-26,Ratatouille
43,135,5,2023-02-27,Unstuffed Mushroom Dip
22,132,1,2023-11-06,Spiced Chocolate Applesauce Cake
10,682,5,2023-08-10,The Stretching Chicken
18,276,1,2023-02-21,Tomato Pie
25,454,3,2023-11-19,Nacho Potato Skins
11,698,3,2023-09-05,"Easy, Quick ,Hot Turkey Sandwiches"
9,477,1,2023-01-23,Little Smokies Football Wienies
18,340,3,2023-01-31,Rose Petal Rolls
2,256,3,2023-04-03,Jalapeno Cheese Bread (for bread making machines)
45,449,3,2023-03-11,Bar-B-Q Chuck Roast
21,36,3,2023-01-03,Bavarian Cream
49,693,5,2023-08-25,Burgundy Barley Beef Stew
32,541,1,2023-03-26,Curt's Five Alarm Touchdown Chili Con Carne With Beans
30,537,1,2023-01-16,Chipotle-Cheddar Mashed Potatoes
10,529,3,2023-10-20,Brussels Sprouts and Potatoes
24,166,4,2023-11-28,Kid's Macaroni &amp; Cheese Casserole
7,434,1,2023-04-05,Fruity Pineapple Cake
8,289,5,2023-04-25,Pineapple Rice
22,297,1,2023-04-22,Basic Potato Salad
33,541,1,2023-03-23,Curt's Five Alarm Touchdown Chili Con Carne With Beans
19,23,1,2023-01-25,Colcannon
36,194,4,2023-09-01,Beet and Walnut Salad with Dill
18,175,2,2023-03-29,Blushing Strawberry Family Delight
22,694,5,2023-03-09,No Sugar Fruit Cookies
22,298,5,2023-10-07,Broccoli Casserole
34,209,1,2023-12-11,Gingered Chicken Stir-Fry
23,72,1,2023-02-16,Mrs. Field's Oatmeal Cookies
42,285,3,2023-08-13,Caffeine Jolt Chicken
29,424,2,2023-07-08,Ham and Cheese Casserole
19,379,5,2023-04-30,Chicken And Pasta
12,556,4,2023-10-05,Red Lentil Soup-Turkish Style
18,59,4,2023-02-06,Crock Pot Swiss-Stuffed Chicken Rolls
21,474,5,2023-05-03,Peppered Steak With 5 Star Gourmet Steak Sauce
22,502,5,2023-03-21,Creamy Fruit Cups
6,325,1,2023-10-17,Biff's Sweet Sour Shrimp and Pasta
9,467,2,2023-10-18,Onion Flavored Rice Mix
5,526,3,2023-09-05,Dressed Egg Salad
36,276,5,2023-03-27,Tomato Pie
3,71,1,2023-04-07,Shrimp in Hot Cocktail Sauce
8,520,1,2023-09-04,Apple-Oat Coffee Cake
21,236,5,2023-07-29,Spicy Shrimp With Spinach and Walnuts
46,437,1,2023-04-28,Eggs in Tortillas
21,362,4,2023-05-19,Sliced Steak with Roasted-corn Salsa
7,698,5,2023-10-12,"Easy, Quick ,Hot Turkey Sandwiches"
4,293,4,2023-06-17,Tomato Risotto
